Имя;Фамилия;Телефон;Email;Пол;Дата рождения;Комментарий;Категории;Скидка;Сумма продаж;Визиты;Последний визит;Первый визит
Нарине;Варданян;+374 00 900 001;client1@example.com;Ж;04.09.1974;;VIP;10;192000;24;28.10.2023;20.08.2023
Лилит;Петросян;+374-00-900-002;client2@example.com;Ж;04.10.1973;Пример комментария;VIP;0;90000;15;21.07.2025;08.10.2023
Нарине;Григорян;+374-00-900-003;client3@example.com;Ж;04.09.1979;;;0;296000;37;17.06.2024;12.11.2022
Тамара;Петросян;+374-00-900-002;client4@example.com;Ж;22.08.1983;Пример комментария;;10;420000;35;27.05.2025;14.03.2023
Лилит;Саргсян;37400900005;client5@example.com;Ж;10.10.1975;Только по вечерам;;0;510000;34;17.05.2024;22.05.2023
Сона;Саргсян;;client6@example.com;Ж;14.08.1979;Только по вечерам;Новый;10;36000;3;13.02.2024;16.11.2023
Эрмине;Петросян;+374 00 900 007;client7@example.com;Ж;23.08.1987;Пример комментария;Новый;10;60000;5;31.03.2024;04.03.2022
Карен;Арутюнян;12-34;client8@example.com;М;20.03.1992;Только по вечерам;постоянный;0;64000;8;30.07.2023;21.05.2023
Эрмине;Петросян;37400900009;client9@example.com;Ж;18.07.1998;Только по вечерам;Аллергия на латекс;5;270000;18;15.09.2024;21.05.2022
Сона;Акопян;37400900010;client10@example;Ж;05.03.1975;Пример комментария;;0;90000;15;11.07.2024;06.11.2023
Ани;Саргсян;+374-00-900-011;client11@example.com;Ж;20.06.2004;Пример комментария;;10;222000;37;10.04.2023;23.11.2022
Сона;Петросян;+374-00-900-012;client12@example.com;Ж;15-03;;Новый;0;40000;5;06.11.2023;02.08.2022
Карине;Саргсян;+374 00 900 013;client13@example.com;Ж;01.10.1993;Любит кофе без сахара;Новый;5;75000;5;30.04.2024;01.08.2022
;Петросян;+374 00 900 014;client14@example.com;Ж;16.08.2001;;Новый;5;248000;31;21.02.2023;16.11.2022
Ева;Саргсян;+374 00 900 015;client15@example.com;Ж;12.09.1983;;Новый;5;120000;10;17.08.2023;11.07.2023
Карен;Акопян;+44 7700 900123;client16@example.com;М;26.10.1984;Любит кофе без сахара;постоянный;10;195000;13;28.12.2024;03.09.2022
Ани;Арутюнян;000900 017;client17@example.com;Ж;07.05.2000;Только по вечерам;VIP;0;468000;39;30.03.2024;19.12.2022
Эрмине;Акопян;000900 018;client18@example.com;Ж;20.08.1983;;VIP;10;480000;40;17.05.2023;02.01.2022
Тигран;Аветисян;37400900019;client19@example.com;М;11.11.1997;;постоянный;0;90000;6;08.06.2024;10.02.2023
Арам;Саргсян;+374-00-900-020;client20@example.com;М;27.10.1979;Любит кофе без сахара;;0;468000;39;14.03.2025;01.05.2023
Ева;Петросян;37400900021;client21@example.com;Ж;27.04.1997;Только по вечерам;;0;112000;14;23.10.2022;29.01.2022
Карен;Григорян;+374-00-900-022;client22@example.com;М;24.01.1978;Любит кофе без сахара;;0;345000;23;03.03.2025;15.04.2023
Ани;Аветисян;37400900023;client23@example.com;Ж;06.03.1970;;Новый;10;60000;10;01.02.2025;30.04.2023
Давид;Хачатрян;+374 00 900 024;client24@example.com;М;09.04.1985;;VIP;10;45000;3;22.09.2023;11.04.2022
Тамара;Мкртчян;37400900025;client25@example.com;Ж;17.08.1987;Только по вечерам;;0;280000;35;15.10.2024;05.05.2023
Гор;Варданян;+374 00 900 026;client26@example.com;М;11.08.1995;;постоянный;5;75000;5;01.08.2024;19.11.2023
Гор;Мартиросян;37400900027;client27@example.com;М;15.03.1986;Любит кофе без сахара;постоянный;0;225000;15;29.05.2023;07.04.2022
Тамара;Варданян;000900 028;client28@example.com;Ж;12.04.1996;;Новый;10;252000;21;23.04.2024;05.04.2022
Ани;Варданян;000900 029;client29@example.com;Ж;10.10.2003;;VIP;5;264000;33;10.07.2022;07.03.2022
Нарине;Григорян;37400900030;client30@example.com;Ж;27.11.1997;Только по вечерам;VIP;5;255000;17;01.08.2023;20.02.2023
