Услуга;Категория;Количество оказанных услуг;Стоимость по прайсу;"Допродано, раз";"Допродано, ֏";Стоимость расходников;ЗП сотрудников;Прибыль;% от общей выручки
Маникюр классический;Маникюр;69;345000;0;0;0;0;345000;11.5
Маникюр аппаратный;Маникюр;32;192000;0;0;0;0;192000;6.4
SPA-педикюр;Педикюр;29;377000;0;0;0;0;377000;12.5
Педикюр классический;Педикюр;66;528000;0;0;0;0;528000;17.5
Укрепление ногтей гелем;Маникюр;25;298000;0;0;0;0;298000;9.9
Маникюр с покрытием гель-лаком;Маникюр;46;455500;0;0;0;0;455500;15.1
Снятие покрытия;Маникюр;41;82000;0;0;0;0;82000;2.7
Педикюр с гель-лаком;Педикюр;25;300000;0;0;0;0;300000;10
Наращивание ногтей;Дизайн и наращивание;10;176500;0;0;0;0;176500;5.9
Детский маникюр;Маникюр;7;28000;0;0;0;0;28000;0.9
Дизайн ногтей;Дизайн и наращивание;20;59000;1;2000;0;0;59000;2
Мужской маникюр;Маникюр;28;168000;0;0;0;0;168000;5.6